{
  "cycle": 0,
  "skills_proposed": 2,
  "skills_imagination_passed": 2,
  "skills_real_validated": 0,
  "skills_promoted": 2,
  "wm_train_loss": -0.2455840652187665,
  "wm_eval_metrics": {
    "mean_state_error": 0.01232739444822073,
    "max_dim_error": 0.022366469725966454,
    "contact_accuracy": 0.734375,
    "joint_error_rad": 0.013204546645283699,
    "ee_error_m": 0.011683870106935501,
    "step_1_error": 0.012777821160852909,
    "step_2_error": 0.021313808858394623,
    "step_3_error": 0.029827727004885674,
    "step_4_error": 0.03817484527826309,
    "step_5_error": 0.04632262513041496
  },
  "skill_library_size": 5,
  "total_real_interactions": 200,
  "elapsed_seconds": 1.6004793643951416,
  "details": {
    "goals": [
      "Pick up an object from the table",
      "Place a held object at a target location",
      "Stack one block on top of another"
    ],
    "proposed_skills": [
      "pick_up",
      "stack"
    ],
    "promoted_skills": [
      "pick_up",
      "stack"
    ]
  }
}