{
  "cycle": 0,
  "skills_proposed": 2,
  "skills_imagination_passed": 0,
  "skills_real_validated": 0,
  "skills_promoted": 0,
  "wm_train_loss": -3.268018096933763,
  "wm_eval_metrics": {
    "mean_state_error": 0.005605761893093586,
    "max_dim_error": 0.012500387616455555,
    "contact_accuracy": 1.0,
    "joint_error_rad": 0.0056682187132537365,
    "ee_error_m": 0.005447659175843,
    "step_1_error": 0.005514093209058046,
    "step_2_error": 0.010246741585433483,
    "step_3_error": 0.015043362975120544,
    "step_4_error": 0.019898755475878716,
    "step_5_error": 0.024653423577547073
  },
  "skill_library_size": 3,
  "total_real_interactions": 802,
  "elapsed_seconds": 21.60043501853943,
  "details": {
    "goals": [
      "Pick up an object from the table",
      "Place a held object at a target location",
      "Stack one block on top of another"
    ],
    "proposed_skills": [
      "pick_up",
      "stack"
    ],
    "promoted_skills": []
  }
}