{
  "cycle": 3,
  "skills_proposed": 0,
  "skills_imagination_passed": 0,
  "skills_real_validated": 0,
  "skills_promoted": 0,
  "wm_train_loss": -5.782200444474512,
  "wm_eval_metrics": {
    "mean_state_error": 0.0006719281664118171,
    "max_dim_error": 0.0009671120205894113,
    "contact_accuracy": 1.0,
    "joint_error_rad": 0.0006362099084071815,
    "ee_error_m": 0.0008503130520693958,
    "step_1_error": 0.0006457313429564238,
    "step_2_error": 0.001165915047749877,
    "step_3_error": 0.0016638495726510882,
    "step_4_error": 0.0021432831417769194,
    "step_5_error": 0.0026326568331569433
  },
  "skill_library_size": 6,
  "total_real_interactions": 3189,
  "elapsed_seconds": 52.28143310546875,
  "details": {
    "goals": [
      "Place a held object at a target location",
      "Sort objects by moving them to different zones",
      "Pour contents from one container to another"
    ],
    "proposed_skills": [],
    "promoted_skills": []
  }
}