{
  "cycle": 2,
  "skills_proposed": 3,
  "skills_imagination_passed": 3,
  "skills_real_validated": 3,
  "skills_promoted": 3,
  "wm_train_loss": -5.417638908420596,
  "wm_eval_metrics": {
    "mean_state_error": 0.0007167805451899767,
    "max_dim_error": 0.0011302754282951355,
    "contact_accuracy": 1.0,
    "joint_error_rad": 0.0006204805104061961,
    "ee_error_m": 0.0010640248656272888,
    "step_1_error": 0.0006709416629746556,
    "step_2_error": 0.001144425361417234,
    "step_3_error": 0.0015702435048297048,
    "step_4_error": 0.0019707386381924152,
    "step_5_error": 0.002364566782489419
  },
  "skill_library_size": 10,
  "total_real_interactions": 2385,
  "elapsed_seconds": 1893.850832939148,
  "details": {
    "goals": [
      "Pick up an object from the table",
      "Place a held object at a target location",
      "Stack one block on top of another"
    ],
    "proposed_skills": [
      "pick_object_from_table_center",
      "deposit_held_object",
      "stack"
    ],
    "promoted_skills": [
      "pick_object_from_table_center",
      "deposit_held_object",
      "stack"
    ]
  }
}