{
  "cycle": 1,
  "skills_proposed": 1,
  "skills_imagination_passed": 1,
  "skills_real_validated": 0,
  "skills_promoted": 1,
  "wm_train_loss": -1.321324376265208,
  "wm_eval_metrics": {
    "mean_state_error": 0.01092186663299799,
    "max_dim_error": 0.01903391070663929,
    "contact_accuracy": 0.8177083134651184,
    "joint_error_rad": 0.011241401545703411,
    "ee_error_m": 0.010685817338526249,
    "step_1_error": 0.011066357605159283,
    "step_2_error": 0.017864348366856575,
    "step_3_error": 0.024483131244778633,
    "step_4_error": 0.0307784304022789,
    "step_5_error": 0.036845866590738297
  },
  "skill_library_size": 6,
  "total_real_interactions": 400,
  "elapsed_seconds": 1.3460352420806885,
  "details": {
    "goals": [
      "Place a held object at a target location",
      "Push an object to a target position",
      "Sort objects by moving them to different zones"
    ],
    "proposed_skills": [
      "push"
    ],
    "promoted_skills": [
      "push"
    ]
  }
}