{
  "cycle": 2,
  "skills_proposed": 2,
  "skills_imagination_passed": 0,
  "skills_real_validated": 0,
  "skills_promoted": 0,
  "wm_train_loss": -5.495495570242941,
  "wm_eval_metrics": {
    "mean_state_error": 0.0006073079421184957,
    "max_dim_error": 0.0008498468669131398,
    "contact_accuracy": 1.0,
    "joint_error_rad": 0.0005435416824184358,
    "ee_error_m": 0.0008323451038450003,
    "step_1_error": 0.0005520565318875015,
    "step_2_error": 0.0009034800459630787,
    "step_3_error": 0.001217311481013894,
    "step_4_error": 0.0015227661933749914,
    "step_5_error": 0.0018317780923098326
  },
  "skill_library_size": 3,
  "total_real_interactions": 2405,
  "elapsed_seconds": 56.50440049171448,
  "details": {
    "goals": [
      "Pick up an object from the table",
      "Place a held object at a target location",
      "Stack one block on top of another"
    ],
    "proposed_skills": [
      "pick_up",
      "stack"
    ],
    "promoted_skills": []
  }
}