{
  "cycle": 4,
  "skills_proposed": 0,
  "skills_imagination_passed": 0,
  "skills_real_validated": 0,
  "skills_promoted": 0,
  "wm_train_loss": -5.718722228337359,
  "wm_eval_metrics": {
    "mean_state_error": 0.0018527248175814748,
    "max_dim_error": 0.00405795406550169,
    "contact_accuracy": 1.0,
    "joint_error_rad": 0.0020787070970982313,
    "ee_error_m": 0.0014572221552953124,
    "step_1_error": 0.001837150426581502,
    "step_2_error": 0.003461124375462532,
    "step_3_error": 0.005072375759482384,
    "step_4_error": 0.00669040298089385,
    "step_5_error": 0.008301165886223316
  },
  "skill_library_size": 6,
  "total_real_interactions": 4016,
  "elapsed_seconds": 68.89789938926697,
  "details": {
    "goals": [
      "Place a held object at a target location",
      "Sort objects by moving them to different zones",
      "Pour contents from one container to another"
    ],
    "proposed_skills": [],
    "promoted_skills": []
  }
}