{
  "cycle": 3,
  "skills_proposed": 2,
  "skills_imagination_passed": 0,
  "skills_real_validated": 0,
  "skills_promoted": 0,
  "wm_train_loss": -5.794479845008072,
  "wm_eval_metrics": {
    "mean_state_error": 0.0006984856445342302,
    "max_dim_error": 0.0010854511056095362,
    "contact_accuracy": 1.0,
    "joint_error_rad": 0.0006313679041340947,
    "ee_error_m": 0.0009860172867774963,
    "step_1_error": 0.0006529277306981385,
    "step_2_error": 0.0010485650273039937,
    "step_3_error": 0.0014032857725396752,
    "step_4_error": 0.0017382025253027678,
    "step_5_error": 0.002059267833828926
  },
  "skill_library_size": 3,
  "total_real_interactions": 3196,
  "elapsed_seconds": 71.86897134780884,
  "details": {
    "goals": [
      "Pick up an object from the table",
      "Place a held object at a target location",
      "Stack one block on top of another"
    ],
    "proposed_skills": [
      "pick_up",
      "stack"
    ],
    "promoted_skills": []
  }
}